arm,seed,oracle_calls,recall
A_random,100,20,0.0
A_random,100,30,0.031746031746031744
A_random,100,40,0.031746031746031744
A_random,100,50,0.047619047619047616
A_random,100,60,0.047619047619047616
A_random,100,70,0.06349206349206349
A_random,100,80,0.07936507936507936
A_random,100,90,0.07936507936507936
A_random,100,100,0.07936507936507936
A_random,100,110,0.07936507936507936
A_random,100,120,0.07936507936507936
B_baseline_ei,100,20,0.0
B_baseline_ei,100,30,0.015873015873015872
B_baseline_ei,100,40,0.14285714285714285
B_baseline_ei,100,50,0.2857142857142857
B_baseline_ei,100,60,0.30158730158730157
B_baseline_ei,100,70,0.38095238095238093
B_baseline_ei,100,80,0.49206349206349204
B_baseline_ei,100,90,0.5555555555555556
B_baseline_ei,100,100,0.5555555555555556
B_baseline_ei,100,110,0.6190476190476191
B_baseline_ei,100,120,0.6825396825396826
B_ablation_composition_only,100,20,0.0
B_ablation_composition_only,100,30,0.047619047619047616
B_ablation_composition_only,100,40,0.19047619047619047
B_ablation_composition_only,100,50,0.2857142857142857
B_ablation_composition_only,100,60,0.30158730158730157
B_ablation_composition_only,100,70,0.38095238095238093
B_ablation_composition_only,100,80,0.4126984126984127
B_ablation_composition_only,100,90,0.5238095238095238
B_ablation_composition_only,100,100,0.6031746031746031
B_ablation_composition_only,100,110,0.6190476190476191
B_ablation_composition_only,100,120,0.6507936507936508
C_crucible,100,20,0.0
C_crucible,100,30,0.0
C_crucible,100,40,0.1111111111111111
C_crucible,100,50,0.2698412698412698
C_crucible,100,60,0.36507936507936506
C_crucible,100,70,0.5079365079365079
C_crucible,100,80,0.5396825396825397
C_crucible,100,90,0.6031746031746031
C_crucible,100,100,0.6507936507936508
C_crucible,100,110,0.7777777777777778
C_crucible,100,120,0.7777777777777778
A_random,101,20,0.031746031746031744
A_random,101,30,0.047619047619047616
A_random,101,40,0.047619047619047616
A_random,101,50,0.06349206349206349
A_random,101,60,0.06349206349206349
A_random,101,70,0.06349206349206349
A_random,101,80,0.06349206349206349
A_random,101,90,0.06349206349206349
A_random,101,100,0.07936507936507936
A_random,101,110,0.09523809523809523
A_random,101,120,0.09523809523809523
B_baseline_ei,101,20,0.031746031746031744
B_baseline_ei,101,30,0.12698412698412698
B_baseline_ei,101,40,0.19047619047619047
B_baseline_ei,101,50,0.3333333333333333
B_baseline_ei,101,60,0.47619047619047616
B_baseline_ei,101,70,0.5238095238095238
B_baseline_ei,101,80,0.5873015873015873
B_baseline_ei,101,90,0.5873015873015873
B_baseline_ei,101,100,0.6825396825396826
B_baseline_ei,101,110,0.7142857142857143
B_baseline_ei,101,120,0.7142857142857143
B_ablation_composition_only,101,20,0.031746031746031744
B_ablation_composition_only,101,30,0.15873015873015872
B_ablation_composition_only,101,40,0.2222222222222222
B_ablation_composition_only,101,50,0.38095238095238093
B_ablation_composition_only,101,60,0.5079365079365079
B_ablation_composition_only,101,70,0.5555555555555556
B_ablation_composition_only,101,80,0.5555555555555556
B_ablation_composition_only,101,90,0.6190476190476191
B_ablation_composition_only,101,100,0.7142857142857143
B_ablation_composition_only,101,110,0.7777777777777778
B_ablation_composition_only,101,120,0.7936507936507936
C_crucible,101,20,0.031746031746031744
C_crucible,101,30,0.12698412698412698
C_crucible,101,40,0.19047619047619047
C_crucible,101,50,0.3333333333333333
C_crucible,101,60,0.3968253968253968
C_crucible,101,70,0.5238095238095238
C_crucible,101,80,0.5714285714285714
C_crucible,101,90,0.6666666666666666
C_crucible,101,100,0.7301587301587301
C_crucible,101,110,0.8571428571428571
C_crucible,101,120,0.9206349206349206
A_random,102,20,0.031746031746031744
A_random,102,30,0.047619047619047616
A_random,102,40,0.047619047619047616
A_random,102,50,0.047619047619047616
A_random,102,60,0.047619047619047616
A_random,102,70,0.06349206349206349
A_random,102,80,0.06349206349206349
A_random,102,90,0.07936507936507936
A_random,102,100,0.07936507936507936
A_random,102,110,0.07936507936507936
A_random,102,120,0.09523809523809523
B_baseline_ei,102,20,0.031746031746031744
B_baseline_ei,102,30,0.031746031746031744
B_baseline_ei,102,40,0.1111111111111111
B_baseline_ei,102,50,0.19047619047619047
B_baseline_ei,102,60,0.2857142857142857
B_baseline_ei,102,70,0.38095238095238093
B_baseline_ei,102,80,0.49206349206349204
B_baseline_ei,102,90,0.5555555555555556
B_baseline_ei,102,100,0.6190476190476191
B_baseline_ei,102,110,0.7301587301587301
B_baseline_ei,102,120,0.746031746031746
B_ablation_composition_only,102,20,0.031746031746031744
B_ablation_composition_only,102,30,0.031746031746031744
B_ablation_composition_only,102,40,0.1111111111111111
B_ablation_composition_only,102,50,0.19047619047619047
B_ablation_composition_only,102,60,0.2857142857142857
B_ablation_composition_only,102,70,0.36507936507936506
B_ablation_composition_only,102,80,0.47619047619047616
B_ablation_composition_only,102,90,0.5714285714285714
B_ablation_composition_only,102,100,0.6507936507936508
B_ablation_composition_only,102,110,0.6825396825396826
B_ablation_composition_only,102,120,0.7142857142857143
C_crucible,102,20,0.031746031746031744
C_crucible,102,30,0.031746031746031744
C_crucible,102,40,0.09523809523809523
C_crucible,102,50,0.2222222222222222
C_crucible,102,60,0.25396825396825395
C_crucible,102,70,0.3968253968253968
C_crucible,102,80,0.49206349206349204
C_crucible,102,90,0.5714285714285714
C_crucible,102,100,0.6190476190476191
C_crucible,102,110,0.7142857142857143
C_crucible,102,120,0.7777777777777778
A_random,103,20,0.015873015873015872
A_random,103,30,0.015873015873015872
A_random,103,40,0.031746031746031744
A_random,103,50,0.047619047619047616
A_random,103,60,0.06349206349206349
A_random,103,70,0.07936507936507936
A_random,103,80,0.07936507936507936
A_random,103,90,0.07936507936507936
A_random,103,100,0.1111111111111111
A_random,103,110,0.1111111111111111
A_random,103,120,0.1111111111111111
B_baseline_ei,103,20,0.015873015873015872
B_baseline_ei,103,30,0.031746031746031744
B_baseline_ei,103,40,0.15873015873015872
B_baseline_ei,103,50,0.2222222222222222
B_baseline_ei,103,60,0.2222222222222222
B_baseline_ei,103,70,0.30158730158730157
B_baseline_ei,103,80,0.3333333333333333
B_baseline_ei,103,90,0.42857142857142855
B_baseline_ei,103,100,0.5079365079365079
B_baseline_ei,103,110,0.5396825396825397
B_baseline_ei,103,120,0.6507936507936508
B_ablation_composition_only,103,20,0.015873015873015872
B_ablation_composition_only,103,30,0.031746031746031744
B_ablation_composition_only,103,40,0.1111111111111111
B_ablation_composition_only,103,50,0.19047619047619047
B_ablation_composition_only,103,60,0.31746031746031744
B_ablation_composition_only,103,70,0.38095238095238093
B_ablation_composition_only,103,80,0.3968253968253968
B_ablation_composition_only,103,90,0.4126984126984127
B_ablation_composition_only,103,100,0.4126984126984127
B_ablation_composition_only,103,110,0.5396825396825397
B_ablation_composition_only,103,120,0.6349206349206349
C_crucible,103,20,0.015873015873015872
C_crucible,103,30,0.031746031746031744
C_crucible,103,40,0.19047619047619047
C_crucible,103,50,0.23809523809523808
C_crucible,103,60,0.2698412698412698
C_crucible,103,70,0.2698412698412698
C_crucible,103,80,0.36507936507936506
C_crucible,103,90,0.4444444444444444
C_crucible,103,100,0.5396825396825397
C_crucible,103,110,0.6031746031746031
C_crucible,103,120,0.6507936507936508
A_random,104,20,0.047619047619047616
A_random,104,30,0.047619047619047616
A_random,104,40,0.047619047619047616
A_random,104,50,0.047619047619047616
A_random,104,60,0.06349206349206349
A_random,104,70,0.06349206349206349
A_random,104,80,0.06349206349206349
A_random,104,90,0.06349206349206349
A_random,104,100,0.06349206349206349
A_random,104,110,0.07936507936507936
A_random,104,120,0.09523809523809523
B_baseline_ei,104,20,0.047619047619047616
B_baseline_ei,104,30,0.15873015873015872
B_baseline_ei,104,40,0.15873015873015872
B_baseline_ei,104,50,0.30158730158730157
B_baseline_ei,104,60,0.3492063492063492
B_baseline_ei,104,70,0.3492063492063492
B_baseline_ei,104,80,0.3968253968253968
B_baseline_ei,104,90,0.3968253968253968
B_baseline_ei,104,100,0.47619047619047616
B_baseline_ei,104,110,0.6349206349206349
B_baseline_ei,104,120,0.6984126984126984
B_ablation_composition_only,104,20,0.047619047619047616
B_ablation_composition_only,104,30,0.14285714285714285
B_ablation_composition_only,104,40,0.19047619047619047
B_ablation_composition_only,104,50,0.31746031746031744
B_ablation_composition_only,104,60,0.3968253968253968
B_ablation_composition_only,104,70,0.3968253968253968
B_ablation_composition_only,104,80,0.47619047619047616
B_ablation_composition_only,104,90,0.5396825396825397
B_ablation_composition_only,104,100,0.5396825396825397
B_ablation_composition_only,104,110,0.5873015873015873
B_ablation_composition_only,104,120,0.6825396825396826
C_crucible,104,20,0.047619047619047616
C_crucible,104,30,0.14285714285714285
C_crucible,104,40,0.23809523809523808
C_crucible,104,50,0.31746031746031744
C_crucible,104,60,0.38095238095238093
C_crucible,104,70,0.4126984126984127
C_crucible,104,80,0.5238095238095238
C_crucible,104,90,0.5555555555555556
C_crucible,104,100,0.6507936507936508
C_crucible,104,110,0.6984126984126984
C_crucible,104,120,0.8253968253968254
A_random,105,20,0.015873015873015872
A_random,105,30,0.031746031746031744
A_random,105,40,0.031746031746031744
A_random,105,50,0.047619047619047616
A_random,105,60,0.047619047619047616
A_random,105,70,0.06349206349206349
A_random,105,80,0.06349206349206349
A_random,105,90,0.06349206349206349
A_random,105,100,0.07936507936507936
A_random,105,110,0.09523809523809523
A_random,105,120,0.09523809523809523
B_baseline_ei,105,20,0.015873015873015872
B_baseline_ei,105,30,0.031746031746031744
B_baseline_ei,105,40,0.15873015873015872
B_baseline_ei,105,50,0.25396825396825395
B_baseline_ei,105,60,0.3333333333333333
B_baseline_ei,105,70,0.3492063492063492
B_baseline_ei,105,80,0.4444444444444444
B_baseline_ei,105,90,0.5714285714285714
B_baseline_ei,105,100,0.5873015873015873
B_baseline_ei,105,110,0.6984126984126984
B_baseline_ei,105,120,0.7142857142857143
B_ablation_composition_only,105,20,0.015873015873015872
B_ablation_composition_only,105,30,0.031746031746031744
B_ablation_composition_only,105,40,0.1111111111111111
B_ablation_composition_only,105,50,0.20634920634920634
B_ablation_composition_only,105,60,0.20634920634920634
B_ablation_composition_only,105,70,0.2857142857142857
B_ablation_composition_only,105,80,0.36507936507936506
B_ablation_composition_only,105,90,0.42857142857142855
B_ablation_composition_only,105,100,0.42857142857142855
B_ablation_composition_only,105,110,0.5079365079365079
B_ablation_composition_only,105,120,0.6031746031746031
C_crucible,105,20,0.015873015873015872
C_crucible,105,30,0.031746031746031744
C_crucible,105,40,0.1746031746031746
C_crucible,105,50,0.2698412698412698
C_crucible,105,60,0.31746031746031744
C_crucible,105,70,0.38095238095238093
C_crucible,105,80,0.4444444444444444
C_crucible,105,90,0.5714285714285714
C_crucible,105,100,0.6349206349206349
C_crucible,105,110,0.7777777777777778
C_crucible,105,120,0.8412698412698413
A_random,106,20,0.015873015873015872
A_random,106,30,0.015873015873015872
A_random,106,40,0.031746031746031744
A_random,106,50,0.047619047619047616
A_random,106,60,0.06349206349206349
A_random,106,70,0.06349206349206349
A_random,106,80,0.06349206349206349
A_random,106,90,0.06349206349206349
A_random,106,100,0.06349206349206349
A_random,106,110,0.07936507936507936
A_random,106,120,0.07936507936507936
B_baseline_ei,106,20,0.015873015873015872
B_baseline_ei,106,30,0.031746031746031744
B_baseline_ei,106,40,0.047619047619047616
B_baseline_ei,106,50,0.19047619047619047
B_baseline_ei,106,60,0.23809523809523808
B_baseline_ei,106,70,0.3333333333333333
B_baseline_ei,106,80,0.3492063492063492
B_baseline_ei,106,90,0.3492063492063492
B_baseline_ei,106,100,0.36507936507936506
B_baseline_ei,106,110,0.4444444444444444
B_baseline_ei,106,120,0.49206349206349204
B_ablation_composition_only,106,20,0.015873015873015872
B_ablation_composition_only,106,30,0.031746031746031744
B_ablation_composition_only,106,40,0.06349206349206349
B_ablation_composition_only,106,50,0.19047619047619047
B_ablation_composition_only,106,60,0.3492063492063492
B_ablation_composition_only,106,70,0.38095238095238093
B_ablation_composition_only,106,80,0.3968253968253968
B_ablation_composition_only,106,90,0.49206349206349204
B_ablation_composition_only,106,100,0.5555555555555556
B_ablation_composition_only,106,110,0.6666666666666666
B_ablation_composition_only,106,120,0.6666666666666666
C_crucible,106,20,0.015873015873015872
C_crucible,106,30,0.031746031746031744
C_crucible,106,40,0.031746031746031744
C_crucible,106,50,0.1746031746031746
C_crucible,106,60,0.23809523809523808
C_crucible,106,70,0.3333333333333333
C_crucible,106,80,0.36507936507936506
C_crucible,106,90,0.4126984126984127
C_crucible,106,100,0.4603174603174603
C_crucible,106,110,0.4603174603174603
C_crucible,106,120,0.4603174603174603
A_random,107,20,0.0
A_random,107,30,0.047619047619047616
A_random,107,40,0.047619047619047616
A_random,107,50,0.047619047619047616
A_random,107,60,0.07936507936507936
A_random,107,70,0.07936507936507936
A_random,107,80,0.09523809523809523
A_random,107,90,0.09523809523809523
A_random,107,100,0.09523809523809523
A_random,107,110,0.09523809523809523
A_random,107,120,0.09523809523809523
B_baseline_ei,107,20,0.0
B_baseline_ei,107,30,0.0
B_baseline_ei,107,40,0.0
B_baseline_ei,107,50,0.031746031746031744
B_baseline_ei,107,60,0.15873015873015872
B_baseline_ei,107,70,0.25396825396825395
B_baseline_ei,107,80,0.2857142857142857
B_baseline_ei,107,90,0.38095238095238093
B_baseline_ei,107,100,0.4126984126984127
B_baseline_ei,107,110,0.4444444444444444
B_baseline_ei,107,120,0.5079365079365079
B_ablation_composition_only,107,20,0.0
B_ablation_composition_only,107,30,0.0
B_ablation_composition_only,107,40,0.031746031746031744
B_ablation_composition_only,107,50,0.1746031746031746
B_ablation_composition_only,107,60,0.23809523809523808
B_ablation_composition_only,107,70,0.25396825396825395
B_ablation_composition_only,107,80,0.3333333333333333
B_ablation_composition_only,107,90,0.4603174603174603
B_ablation_composition_only,107,100,0.47619047619047616
B_ablation_composition_only,107,110,0.49206349206349204
B_ablation_composition_only,107,120,0.5079365079365079
C_crucible,107,20,0.0
C_crucible,107,30,0.0
C_crucible,107,40,0.0
C_crucible,107,50,0.015873015873015872
C_crucible,107,60,0.06349206349206349
C_crucible,107,70,0.09523809523809523
C_crucible,107,80,0.25396825396825395
C_crucible,107,90,0.31746031746031744
C_crucible,107,100,0.36507936507936506
C_crucible,107,110,0.47619047619047616
C_crucible,107,120,0.49206349206349204
A_random,108,20,0.015873015873015872
A_random,108,30,0.031746031746031744
A_random,108,40,0.031746031746031744
A_random,108,50,0.031746031746031744
A_random,108,60,0.031746031746031744
A_random,108,70,0.06349206349206349
A_random,108,80,0.06349206349206349
A_random,108,90,0.06349206349206349
A_random,108,100,0.06349206349206349
A_random,108,110,0.07936507936507936
A_random,108,120,0.07936507936507936
B_baseline_ei,108,20,0.015873015873015872
B_baseline_ei,108,30,0.09523809523809523
B_baseline_ei,108,40,0.20634920634920634
B_baseline_ei,108,50,0.30158730158730157
B_baseline_ei,108,60,0.42857142857142855
B_baseline_ei,108,70,0.49206349206349204
B_baseline_ei,108,80,0.5079365079365079
B_baseline_ei,108,90,0.5396825396825397
B_baseline_ei,108,100,0.6507936507936508
B_baseline_ei,108,110,0.7142857142857143
B_baseline_ei,108,120,0.7301587301587301
B_ablation_composition_only,108,20,0.015873015873015872
B_ablation_composition_only,108,30,0.14285714285714285
B_ablation_composition_only,108,40,0.2698412698412698
B_ablation_composition_only,108,50,0.36507936507936506
B_ablation_composition_only,108,60,0.4126984126984127
B_ablation_composition_only,108,70,0.47619047619047616
B_ablation_composition_only,108,80,0.5714285714285714
B_ablation_composition_only,108,90,0.6190476190476191
B_ablation_composition_only,108,100,0.6190476190476191
B_ablation_composition_only,108,110,0.7301587301587301
B_ablation_composition_only,108,120,0.7777777777777778
C_crucible,108,20,0.015873015873015872
C_crucible,108,30,0.1111111111111111
C_crucible,108,40,0.19047619047619047
C_crucible,108,50,0.3333333333333333
C_crucible,108,60,0.3333333333333333
C_crucible,108,70,0.3968253968253968
C_crucible,108,80,0.4126984126984127
C_crucible,108,90,0.5396825396825397
C_crucible,108,100,0.5873015873015873
C_crucible,108,110,0.6031746031746031
C_crucible,108,120,0.7142857142857143
A_random,109,20,0.0
A_random,109,30,0.0
A_random,109,40,0.0
A_random,109,50,0.015873015873015872
A_random,109,60,0.047619047619047616
A_random,109,70,0.047619047619047616
A_random,109,80,0.047619047619047616
A_random,109,90,0.047619047619047616
A_random,109,100,0.047619047619047616
A_random,109,110,0.047619047619047616
A_random,109,120,0.06349206349206349
B_baseline_ei,109,20,0.0
B_baseline_ei,109,30,0.031746031746031744
B_baseline_ei,109,40,0.09523809523809523
B_baseline_ei,109,50,0.15873015873015872
B_baseline_ei,109,60,0.1746031746031746
B_baseline_ei,109,70,0.2857142857142857
B_baseline_ei,109,80,0.4126984126984127
B_baseline_ei,109,90,0.5396825396825397
B_baseline_ei,109,100,0.6031746031746031
B_baseline_ei,109,110,0.6666666666666666
B_baseline_ei,109,120,0.6666666666666666
B_ablation_composition_only,109,20,0.0
B_ablation_composition_only,109,30,0.0
B_ablation_composition_only,109,40,0.0
B_ablation_composition_only,109,50,0.0
B_ablation_composition_only,109,60,0.0
B_ablation_composition_only,109,70,0.15873015873015872
B_ablation_composition_only,109,80,0.15873015873015872
B_ablation_composition_only,109,90,0.1746031746031746
B_ablation_composition_only,109,100,0.31746031746031744
B_ablation_composition_only,109,110,0.36507936507936506
B_ablation_composition_only,109,120,0.3968253968253968
C_crucible,109,20,0.0
C_crucible,109,30,0.031746031746031744
C_crucible,109,40,0.1111111111111111
C_crucible,109,50,0.20634920634920634
C_crucible,109,60,0.31746031746031744
C_crucible,109,70,0.38095238095238093
C_crucible,109,80,0.38095238095238093
C_crucible,109,90,0.47619047619047616
C_crucible,109,100,0.5555555555555556
C_crucible,109,110,0.5873015873015873
C_crucible,109,120,0.6190476190476191
A_random,110,20,0.015873015873015872
A_random,110,30,0.015873015873015872
A_random,110,40,0.031746031746031744
A_random,110,50,0.031746031746031744
A_random,110,60,0.031746031746031744
A_random,110,70,0.031746031746031744
A_random,110,80,0.031746031746031744
A_random,110,90,0.047619047619047616
A_random,110,100,0.06349206349206349
A_random,110,110,0.06349206349206349
A_random,110,120,0.06349206349206349
B_baseline_ei,110,20,0.015873015873015872
B_baseline_ei,110,30,0.06349206349206349
B_baseline_ei,110,40,0.1111111111111111
B_baseline_ei,110,50,0.20634920634920634
B_baseline_ei,110,60,0.3492063492063492
B_baseline_ei,110,70,0.36507936507936506
B_baseline_ei,110,80,0.5079365079365079
B_baseline_ei,110,90,0.6666666666666666
B_baseline_ei,110,100,0.746031746031746
B_baseline_ei,110,110,0.7936507936507936
B_baseline_ei,110,120,0.7936507936507936
B_ablation_composition_only,110,20,0.015873015873015872
B_ablation_composition_only,110,30,0.06349206349206349
B_ablation_composition_only,110,40,0.1111111111111111
B_ablation_composition_only,110,50,0.1746031746031746
B_ablation_composition_only,110,60,0.30158730158730157
B_ablation_composition_only,110,70,0.3492063492063492
B_ablation_composition_only,110,80,0.4603174603174603
B_ablation_composition_only,110,90,0.6031746031746031
B_ablation_composition_only,110,100,0.6349206349206349
B_ablation_composition_only,110,110,0.7301587301587301
B_ablation_composition_only,110,120,0.7619047619047619
C_crucible,110,20,0.015873015873015872
C_crucible,110,30,0.07936507936507936
C_crucible,110,40,0.19047619047619047
C_crucible,110,50,0.20634920634920634
C_crucible,110,60,0.23809523809523808
C_crucible,110,70,0.30158730158730157
C_crucible,110,80,0.3968253968253968
C_crucible,110,90,0.5238095238095238
C_crucible,110,100,0.5714285714285714
C_crucible,110,110,0.6666666666666666
C_crucible,110,120,0.7777777777777778
A_random,111,20,0.031746031746031744
A_random,111,30,0.047619047619047616
A_random,111,40,0.047619047619047616
A_random,111,50,0.047619047619047616
A_random,111,60,0.047619047619047616
A_random,111,70,0.047619047619047616
A_random,111,80,0.06349206349206349
A_random,111,90,0.06349206349206349
A_random,111,100,0.06349206349206349
A_random,111,110,0.07936507936507936
A_random,111,120,0.07936507936507936
B_baseline_ei,111,20,0.031746031746031744
B_baseline_ei,111,30,0.15873015873015872
B_baseline_ei,111,40,0.2698412698412698
B_baseline_ei,111,50,0.3968253968253968
B_baseline_ei,111,60,0.5396825396825397
B_baseline_ei,111,70,0.6190476190476191
B_baseline_ei,111,80,0.6507936507936508
B_baseline_ei,111,90,0.6507936507936508
B_baseline_ei,111,100,0.7142857142857143
B_baseline_ei,111,110,0.7619047619047619
B_baseline_ei,111,120,0.8253968253968254
B_ablation_composition_only,111,20,0.031746031746031744
B_ablation_composition_only,111,30,0.14285714285714285
B_ablation_composition_only,111,40,0.23809523809523808
B_ablation_composition_only,111,50,0.3492063492063492
B_ablation_composition_only,111,60,0.49206349206349204
B_ablation_composition_only,111,70,0.5555555555555556
B_ablation_composition_only,111,80,0.5873015873015873
B_ablation_composition_only,111,90,0.6190476190476191
B_ablation_composition_only,111,100,0.7142857142857143
B_ablation_composition_only,111,110,0.7619047619047619
B_ablation_composition_only,111,120,0.7619047619047619
C_crucible,111,20,0.031746031746031744
C_crucible,111,30,0.15873015873015872
C_crucible,111,40,0.25396825396825395
C_crucible,111,50,0.3968253968253968
C_crucible,111,60,0.5238095238095238
C_crucible,111,70,0.6190476190476191
C_crucible,111,80,0.6507936507936508
C_crucible,111,90,0.6507936507936508
C_crucible,111,100,0.7142857142857143
C_crucible,111,110,0.7301587301587301
C_crucible,111,120,0.8253968253968254
A_random,112,20,0.015873015873015872
A_random,112,30,0.015873015873015872
A_random,112,40,0.015873015873015872
A_random,112,50,0.031746031746031744
A_random,112,60,0.031746031746031744
A_random,112,70,0.06349206349206349
A_random,112,80,0.07936507936507936
A_random,112,90,0.07936507936507936
A_random,112,100,0.07936507936507936
A_random,112,110,0.12698412698412698
A_random,112,120,0.12698412698412698
B_baseline_ei,112,20,0.015873015873015872
B_baseline_ei,112,30,0.015873015873015872
B_baseline_ei,112,40,0.031746031746031744
B_baseline_ei,112,50,0.19047619047619047
B_baseline_ei,112,60,0.25396825396825395
B_baseline_ei,112,70,0.2857142857142857
B_baseline_ei,112,80,0.38095238095238093
B_baseline_ei,112,90,0.4126984126984127
B_baseline_ei,112,100,0.47619047619047616
B_baseline_ei,112,110,0.5238095238095238
B_baseline_ei,112,120,0.6190476190476191
B_ablation_composition_only,112,20,0.015873015873015872
B_ablation_composition_only,112,30,0.047619047619047616
B_ablation_composition_only,112,40,0.09523809523809523
B_ablation_composition_only,112,50,0.20634920634920634
B_ablation_composition_only,112,60,0.31746031746031744
B_ablation_composition_only,112,70,0.3333333333333333
B_ablation_composition_only,112,80,0.4126984126984127
B_ablation_composition_only,112,90,0.42857142857142855
B_ablation_composition_only,112,100,0.5396825396825397
B_ablation_composition_only,112,110,0.5396825396825397
B_ablation_composition_only,112,120,0.5555555555555556
C_crucible,112,20,0.015873015873015872
C_crucible,112,30,0.031746031746031744
C_crucible,112,40,0.047619047619047616
C_crucible,112,50,0.20634920634920634
C_crucible,112,60,0.2857142857142857
C_crucible,112,70,0.36507936507936506
C_crucible,112,80,0.42857142857142855
C_crucible,112,90,0.47619047619047616
C_crucible,112,100,0.5238095238095238
C_crucible,112,110,0.6507936507936508
C_crucible,112,120,0.7301587301587301
A_random,113,20,0.0
A_random,113,30,0.015873015873015872
A_random,113,40,0.015873015873015872
A_random,113,50,0.031746031746031744
A_random,113,60,0.031746031746031744
A_random,113,70,0.031746031746031744
A_random,113,80,0.047619047619047616
A_random,113,90,0.07936507936507936
A_random,113,100,0.07936507936507936
A_random,113,110,0.09523809523809523
A_random,113,120,0.1111111111111111
B_baseline_ei,113,20,0.0
B_baseline_ei,113,30,0.09523809523809523
B_baseline_ei,113,40,0.2222222222222222
B_baseline_ei,113,50,0.2698412698412698
B_baseline_ei,113,60,0.2857142857142857
B_baseline_ei,113,70,0.38095238095238093
B_baseline_ei,113,80,0.5079365079365079
B_baseline_ei,113,90,0.6190476190476191
B_baseline_ei,113,100,0.6825396825396826
B_baseline_ei,113,110,0.7301587301587301
B_baseline_ei,113,120,0.7777777777777778
B_ablation_composition_only,113,20,0.0
B_ablation_composition_only,113,30,0.06349206349206349
B_ablation_composition_only,113,40,0.12698412698412698
B_ablation_composition_only,113,50,0.23809523809523808
B_ablation_composition_only,113,60,0.3492063492063492
B_ablation_composition_only,113,70,0.3968253968253968
B_ablation_composition_only,113,80,0.4444444444444444
B_ablation_composition_only,113,90,0.5555555555555556
B_ablation_composition_only,113,100,0.6507936507936508
B_ablation_composition_only,113,110,0.6507936507936508
B_ablation_composition_only,113,120,0.7619047619047619
C_crucible,113,20,0.0
C_crucible,113,30,0.06349206349206349
C_crucible,113,40,0.07936507936507936
C_crucible,113,50,0.19047619047619047
C_crucible,113,60,0.25396825396825395
C_crucible,113,70,0.3333333333333333
C_crucible,113,80,0.3333333333333333
C_crucible,113,90,0.36507936507936506
C_crucible,113,100,0.5238095238095238
C_crucible,113,110,0.5396825396825397
C_crucible,113,120,0.5873015873015873
A_random,114,20,0.031746031746031744
A_random,114,30,0.047619047619047616
A_random,114,40,0.047619047619047616
A_random,114,50,0.09523809523809523
A_random,114,60,0.09523809523809523
A_random,114,70,0.09523809523809523
A_random,114,80,0.09523809523809523
A_random,114,90,0.09523809523809523
A_random,114,100,0.09523809523809523
A_random,114,110,0.09523809523809523
A_random,114,120,0.09523809523809523
B_baseline_ei,114,20,0.031746031746031744
B_baseline_ei,114,30,0.14285714285714285
B_baseline_ei,114,40,0.1746031746031746
B_baseline_ei,114,50,0.30158730158730157
B_baseline_ei,114,60,0.3333333333333333
B_baseline_ei,114,70,0.3333333333333333
B_baseline_ei,114,80,0.4603174603174603
B_baseline_ei,114,90,0.5396825396825397
B_baseline_ei,114,100,0.6190476190476191
B_baseline_ei,114,110,0.7142857142857143
B_baseline_ei,114,120,0.7619047619047619
B_ablation_composition_only,114,20,0.031746031746031744
B_ablation_composition_only,114,30,0.1111111111111111
B_ablation_composition_only,114,40,0.25396825396825395
B_ablation_composition_only,114,50,0.31746031746031744
B_ablation_composition_only,114,60,0.38095238095238093
B_ablation_composition_only,114,70,0.49206349206349204
B_ablation_composition_only,114,80,0.5873015873015873
B_ablation_composition_only,114,90,0.6825396825396826
B_ablation_composition_only,114,100,0.6984126984126984
B_ablation_composition_only,114,110,0.7301587301587301
B_ablation_composition_only,114,120,0.7936507936507936
C_crucible,114,20,0.031746031746031744
C_crucible,114,30,0.14285714285714285
C_crucible,114,40,0.15873015873015872
C_crucible,114,50,0.2698412698412698
C_crucible,114,60,0.36507936507936506
C_crucible,114,70,0.49206349206349204
C_crucible,114,80,0.5714285714285714
C_crucible,114,90,0.5714285714285714
C_crucible,114,100,0.6984126984126984
C_crucible,114,110,0.7301587301587301
C_crucible,114,120,0.8412698412698413
A_random,115,20,0.015873015873015872
A_random,115,30,0.031746031746031744
A_random,115,40,0.031746031746031744
A_random,115,50,0.031746031746031744
A_random,115,60,0.047619047619047616
A_random,115,70,0.07936507936507936
A_random,115,80,0.1111111111111111
A_random,115,90,0.1111111111111111
A_random,115,100,0.1111111111111111
A_random,115,110,0.12698412698412698
A_random,115,120,0.12698412698412698
B_baseline_ei,115,20,0.015873015873015872
B_baseline_ei,115,30,0.031746031746031744
B_baseline_ei,115,40,0.14285714285714285
B_baseline_ei,115,50,0.2857142857142857
B_baseline_ei,115,60,0.36507936507936506
B_baseline_ei,115,70,0.42857142857142855
B_baseline_ei,115,80,0.49206349206349204
B_baseline_ei,115,90,0.5238095238095238
B_baseline_ei,115,100,0.6507936507936508
B_baseline_ei,115,110,0.6507936507936508
B_baseline_ei,115,120,0.7142857142857143
B_ablation_composition_only,115,20,0.015873015873015872
B_ablation_composition_only,115,30,0.015873015873015872
B_ablation_composition_only,115,40,0.14285714285714285
B_ablation_composition_only,115,50,0.2857142857142857
B_ablation_composition_only,115,60,0.31746031746031744
B_ablation_composition_only,115,70,0.3968253968253968
B_ablation_composition_only,115,80,0.47619047619047616
B_ablation_composition_only,115,90,0.5396825396825397
B_ablation_composition_only,115,100,0.6507936507936508
B_ablation_composition_only,115,110,0.6507936507936508
B_ablation_composition_only,115,120,0.6507936507936508
C_crucible,115,20,0.015873015873015872
C_crucible,115,30,0.07936507936507936
C_crucible,115,40,0.2222222222222222
C_crucible,115,50,0.36507936507936506
C_crucible,115,60,0.4126984126984127
C_crucible,115,70,0.47619047619047616
C_crucible,115,80,0.5873015873015873
C_crucible,115,90,0.6190476190476191
C_crucible,115,100,0.6666666666666666
C_crucible,115,110,0.6984126984126984
C_crucible,115,120,0.7777777777777778
A_random,116,20,0.0
A_random,116,30,0.031746031746031744
A_random,116,40,0.031746031746031744
A_random,116,50,0.047619047619047616
A_random,116,60,0.047619047619047616
A_random,116,70,0.047619047619047616
A_random,116,80,0.07936507936507936
A_random,116,90,0.07936507936507936
A_random,116,100,0.09523809523809523
A_random,116,110,0.09523809523809523
A_random,116,120,0.1111111111111111
B_baseline_ei,116,20,0.0
B_baseline_ei,116,30,0.031746031746031744
B_baseline_ei,116,40,0.09523809523809523
B_baseline_ei,116,50,0.19047619047619047
B_baseline_ei,116,60,0.31746031746031744
B_baseline_ei,116,70,0.4603174603174603
B_baseline_ei,116,80,0.5238095238095238
B_baseline_ei,116,90,0.5238095238095238
B_baseline_ei,116,100,0.5714285714285714
B_baseline_ei,116,110,0.6190476190476191
B_baseline_ei,116,120,0.6190476190476191
B_ablation_composition_only,116,20,0.0
B_ablation_composition_only,116,30,0.06349206349206349
B_ablation_composition_only,116,40,0.1111111111111111
B_ablation_composition_only,116,50,0.20634920634920634
B_ablation_composition_only,116,60,0.36507936507936506
B_ablation_composition_only,116,70,0.42857142857142855
B_ablation_composition_only,116,80,0.47619047619047616
B_ablation_composition_only,116,90,0.5396825396825397
B_ablation_composition_only,116,100,0.6190476190476191
B_ablation_composition_only,116,110,0.7301587301587301
B_ablation_composition_only,116,120,0.8095238095238095
C_crucible,116,20,0.0
C_crucible,116,30,0.047619047619047616
C_crucible,116,40,0.12698412698412698
C_crucible,116,50,0.20634920634920634
C_crucible,116,60,0.3492063492063492
C_crucible,116,70,0.36507936507936506
C_crucible,116,80,0.4603174603174603
C_crucible,116,90,0.5555555555555556
C_crucible,116,100,0.6349206349206349
C_crucible,116,110,0.6825396825396826
C_crucible,116,120,0.7619047619047619
A_random,117,20,0.015873015873015872
A_random,117,30,0.031746031746031744
A_random,117,40,0.047619047619047616
A_random,117,50,0.06349206349206349
A_random,117,60,0.06349206349206349
A_random,117,70,0.07936507936507936
A_random,117,80,0.09523809523809523
A_random,117,90,0.09523809523809523
A_random,117,100,0.09523809523809523
A_random,117,110,0.09523809523809523
A_random,117,120,0.1111111111111111
B_baseline_ei,117,20,0.015873015873015872
B_baseline_ei,117,30,0.06349206349206349
B_baseline_ei,117,40,0.1111111111111111
B_baseline_ei,117,50,0.12698412698412698
B_baseline_ei,117,60,0.2698412698412698
B_baseline_ei,117,70,0.3333333333333333
B_baseline_ei,117,80,0.38095238095238093
B_baseline_ei,117,90,0.5079365079365079
B_baseline_ei,117,100,0.6031746031746031
B_baseline_ei,117,110,0.6666666666666666
B_baseline_ei,117,120,0.6825396825396826
B_ablation_composition_only,117,20,0.015873015873015872
B_ablation_composition_only,117,30,0.12698412698412698
B_ablation_composition_only,117,40,0.1746031746031746
B_ablation_composition_only,117,50,0.2698412698412698
B_ablation_composition_only,117,60,0.38095238095238093
B_ablation_composition_only,117,70,0.47619047619047616
B_ablation_composition_only,117,80,0.5555555555555556
B_ablation_composition_only,117,90,0.6349206349206349
B_ablation_composition_only,117,100,0.6349206349206349
B_ablation_composition_only,117,110,0.6984126984126984
B_ablation_composition_only,117,120,0.7301587301587301
C_crucible,117,20,0.015873015873015872
C_crucible,117,30,0.09523809523809523
C_crucible,117,40,0.20634920634920634
C_crucible,117,50,0.31746031746031744
C_crucible,117,60,0.3492063492063492
C_crucible,117,70,0.36507936507936506
C_crucible,117,80,0.4603174603174603
C_crucible,117,90,0.5238095238095238
C_crucible,117,100,0.5238095238095238
C_crucible,117,110,0.6507936507936508
C_crucible,117,120,0.7301587301587301
A_random,118,20,0.047619047619047616
A_random,118,30,0.047619047619047616
A_random,118,40,0.047619047619047616
A_random,118,50,0.047619047619047616
A_random,118,60,0.06349206349206349
A_random,118,70,0.07936507936507936
A_random,118,80,0.07936507936507936
A_random,118,90,0.07936507936507936
A_random,118,100,0.07936507936507936
A_random,118,110,0.07936507936507936
A_random,118,120,0.07936507936507936
B_baseline_ei,118,20,0.047619047619047616
B_baseline_ei,118,30,0.14285714285714285
B_baseline_ei,118,40,0.15873015873015872
B_baseline_ei,118,50,0.19047619047619047
B_baseline_ei,118,60,0.2857142857142857
B_baseline_ei,118,70,0.42857142857142855
B_baseline_ei,118,80,0.5396825396825397
B_baseline_ei,118,90,0.6031746031746031
B_baseline_ei,118,100,0.6031746031746031
B_baseline_ei,118,110,0.746031746031746
B_baseline_ei,118,120,0.7777777777777778
B_ablation_composition_only,118,20,0.047619047619047616
B_ablation_composition_only,118,30,0.12698412698412698
B_ablation_composition_only,118,40,0.15873015873015872
B_ablation_composition_only,118,50,0.25396825396825395
B_ablation_composition_only,118,60,0.3968253968253968
B_ablation_composition_only,118,70,0.4444444444444444
B_ablation_composition_only,118,80,0.49206349206349204
B_ablation_composition_only,118,90,0.5396825396825397
B_ablation_composition_only,118,100,0.5873015873015873
B_ablation_composition_only,118,110,0.5873015873015873
B_ablation_composition_only,118,120,0.7301587301587301
C_crucible,118,20,0.047619047619047616
C_crucible,118,30,0.14285714285714285
C_crucible,118,40,0.15873015873015872
C_crucible,118,50,0.2698412698412698
C_crucible,118,60,0.3333333333333333
C_crucible,118,70,0.3968253968253968
C_crucible,118,80,0.47619047619047616
C_crucible,118,90,0.5396825396825397
C_crucible,118,100,0.6507936507936508
C_crucible,118,110,0.7619047619047619
C_crucible,118,120,0.9047619047619048
A_random,119,20,0.015873015873015872
A_random,119,30,0.031746031746031744
A_random,119,40,0.047619047619047616
A_random,119,50,0.07936507936507936
A_random,119,60,0.09523809523809523
A_random,119,70,0.09523809523809523
A_random,119,80,0.09523809523809523
A_random,119,90,0.09523809523809523
A_random,119,100,0.09523809523809523
A_random,119,110,0.09523809523809523
A_random,119,120,0.09523809523809523
B_baseline_ei,119,20,0.015873015873015872
B_baseline_ei,119,30,0.12698412698412698
B_baseline_ei,119,40,0.2698412698412698
B_baseline_ei,119,50,0.2857142857142857
B_baseline_ei,119,60,0.30158730158730157
B_baseline_ei,119,70,0.3968253968253968
B_baseline_ei,119,80,0.4603174603174603
B_baseline_ei,119,90,0.5079365079365079
B_baseline_ei,119,100,0.5396825396825397
B_baseline_ei,119,110,0.6507936507936508
B_baseline_ei,119,120,0.7619047619047619
B_ablation_composition_only,119,20,0.015873015873015872
B_ablation_composition_only,119,30,0.14285714285714285
B_ablation_composition_only,119,40,0.25396825396825395
B_ablation_composition_only,119,50,0.3333333333333333
B_ablation_composition_only,119,60,0.4603174603174603
B_ablation_composition_only,119,70,0.5079365079365079
B_ablation_composition_only,119,80,0.5555555555555556
B_ablation_composition_only,119,90,0.5714285714285714
B_ablation_composition_only,119,100,0.5714285714285714
B_ablation_composition_only,119,110,0.6031746031746031
B_ablation_composition_only,119,120,0.7142857142857143
C_crucible,119,20,0.015873015873015872
C_crucible,119,30,0.12698412698412698
C_crucible,119,40,0.25396825396825395
C_crucible,119,50,0.2698412698412698
C_crucible,119,60,0.3333333333333333
C_crucible,119,70,0.42857142857142855
C_crucible,119,80,0.49206349206349204
C_crucible,119,90,0.5555555555555556
C_crucible,119,100,0.5714285714285714
C_crucible,119,110,0.6349206349206349
C_crucible,119,120,0.7301587301587301
A_random,120,20,0.015873015873015872
A_random,120,30,0.015873015873015872
A_random,120,40,0.015873015873015872
A_random,120,50,0.031746031746031744
A_random,120,60,0.031746031746031744
A_random,120,70,0.031746031746031744
A_random,120,80,0.031746031746031744
A_random,120,90,0.031746031746031744
A_random,120,100,0.047619047619047616
A_random,120,110,0.047619047619047616
A_random,120,120,0.047619047619047616
B_baseline_ei,120,20,0.015873015873015872
B_baseline_ei,120,30,0.031746031746031744
B_baseline_ei,120,40,0.047619047619047616
B_baseline_ei,120,50,0.14285714285714285
B_baseline_ei,120,60,0.14285714285714285
B_baseline_ei,120,70,0.2222222222222222
B_baseline_ei,120,80,0.2857142857142857
B_baseline_ei,120,90,0.3968253968253968
B_baseline_ei,120,100,0.4444444444444444
B_baseline_ei,120,110,0.47619047619047616
B_baseline_ei,120,120,0.6031746031746031
B_ablation_composition_only,120,20,0.015873015873015872
B_ablation_composition_only,120,30,0.06349206349206349
B_ablation_composition_only,120,40,0.14285714285714285
B_ablation_composition_only,120,50,0.23809523809523808
B_ablation_composition_only,120,60,0.2698412698412698
B_ablation_composition_only,120,70,0.36507936507936506
B_ablation_composition_only,120,80,0.4126984126984127
B_ablation_composition_only,120,90,0.5079365079365079
B_ablation_composition_only,120,100,0.6349206349206349
B_ablation_composition_only,120,110,0.6666666666666666
B_ablation_composition_only,120,120,0.6825396825396826
C_crucible,120,20,0.015873015873015872
C_crucible,120,30,0.031746031746031744
C_crucible,120,40,0.09523809523809523
C_crucible,120,50,0.2222222222222222
C_crucible,120,60,0.2222222222222222
C_crucible,120,70,0.25396825396825395
C_crucible,120,80,0.3333333333333333
C_crucible,120,90,0.4444444444444444
C_crucible,120,100,0.49206349206349204
C_crucible,120,110,0.5396825396825397
C_crucible,120,120,0.6031746031746031
A_random,121,20,0.015873015873015872
A_random,121,30,0.015873015873015872
A_random,121,40,0.031746031746031744
A_random,121,50,0.031746031746031744
A_random,121,60,0.047619047619047616
A_random,121,70,0.06349206349206349
A_random,121,80,0.07936507936507936
A_random,121,90,0.07936507936507936
A_random,121,100,0.07936507936507936
A_random,121,110,0.09523809523809523
A_random,121,120,0.09523809523809523
B_baseline_ei,121,20,0.015873015873015872
B_baseline_ei,121,30,0.031746031746031744
B_baseline_ei,121,40,0.1111111111111111
B_baseline_ei,121,50,0.23809523809523808
B_baseline_ei,121,60,0.3333333333333333
B_baseline_ei,121,70,0.3968253968253968
B_baseline_ei,121,80,0.4126984126984127
B_baseline_ei,121,90,0.5079365079365079
B_baseline_ei,121,100,0.5873015873015873
B_baseline_ei,121,110,0.6666666666666666
B_baseline_ei,121,120,0.7301587301587301
B_ablation_composition_only,121,20,0.015873015873015872
B_ablation_composition_only,121,30,0.015873015873015872
B_ablation_composition_only,121,40,0.1111111111111111
B_ablation_composition_only,121,50,0.20634920634920634
B_ablation_composition_only,121,60,0.31746031746031744
B_ablation_composition_only,121,70,0.36507936507936506
B_ablation_composition_only,121,80,0.3968253968253968
B_ablation_composition_only,121,90,0.3968253968253968
B_ablation_composition_only,121,100,0.49206349206349204
B_ablation_composition_only,121,110,0.5396825396825397
B_ablation_composition_only,121,120,0.5555555555555556
C_crucible,121,20,0.015873015873015872
C_crucible,121,30,0.031746031746031744
C_crucible,121,40,0.07936507936507936
C_crucible,121,50,0.1746031746031746
C_crucible,121,60,0.30158730158730157
C_crucible,121,70,0.4126984126984127
C_crucible,121,80,0.4603174603174603
C_crucible,121,90,0.49206349206349204
C_crucible,121,100,0.5238095238095238
C_crucible,121,110,0.6507936507936508
C_crucible,121,120,0.7301587301587301
A_random,122,20,0.0
A_random,122,30,0.0
A_random,122,40,0.015873015873015872
A_random,122,50,0.015873015873015872
A_random,122,60,0.015873015873015872
A_random,122,70,0.015873015873015872
A_random,122,80,0.015873015873015872
A_random,122,90,0.031746031746031744
A_random,122,100,0.047619047619047616
A_random,122,110,0.047619047619047616
A_random,122,120,0.047619047619047616
B_baseline_ei,122,20,0.0
B_baseline_ei,122,30,0.047619047619047616
B_baseline_ei,122,40,0.14285714285714285
B_baseline_ei,122,50,0.2857142857142857
B_baseline_ei,122,60,0.36507936507936506
B_baseline_ei,122,70,0.4444444444444444
B_baseline_ei,122,80,0.47619047619047616
B_baseline_ei,122,90,0.6190476190476191
B_baseline_ei,122,100,0.7301587301587301
B_baseline_ei,122,110,0.746031746031746
B_baseline_ei,122,120,0.8253968253968254
B_ablation_composition_only,122,20,0.0
B_ablation_composition_only,122,30,0.0
B_ablation_composition_only,122,40,0.015873015873015872
B_ablation_composition_only,122,50,0.09523809523809523
B_ablation_composition_only,122,60,0.1111111111111111
B_ablation_composition_only,122,70,0.2222222222222222
B_ablation_composition_only,122,80,0.2857142857142857
B_ablation_composition_only,122,90,0.3968253968253968
B_ablation_composition_only,122,100,0.3968253968253968
B_ablation_composition_only,122,110,0.42857142857142855
B_ablation_composition_only,122,120,0.49206349206349204
C_crucible,122,20,0.0
C_crucible,122,30,0.015873015873015872
C_crucible,122,40,0.12698412698412698
C_crucible,122,50,0.2857142857142857
C_crucible,122,60,0.3333333333333333
C_crucible,122,70,0.36507936507936506
C_crucible,122,80,0.36507936507936506
C_crucible,122,90,0.4444444444444444
C_crucible,122,100,0.49206349206349204
C_crucible,122,110,0.5396825396825397
C_crucible,122,120,0.6507936507936508
A_random,123,20,0.0
A_random,123,30,0.015873015873015872
A_random,123,40,0.031746031746031744
A_random,123,50,0.031746031746031744
A_random,123,60,0.031746031746031744
A_random,123,70,0.031746031746031744
A_random,123,80,0.031746031746031744
A_random,123,90,0.031746031746031744
A_random,123,100,0.047619047619047616
A_random,123,110,0.047619047619047616
A_random,123,120,0.07936507936507936
B_baseline_ei,123,20,0.0
B_baseline_ei,123,30,0.0
B_baseline_ei,123,40,0.09523809523809523
B_baseline_ei,123,50,0.20634920634920634
B_baseline_ei,123,60,0.30158730158730157
B_baseline_ei,123,70,0.4126984126984127
B_baseline_ei,123,80,0.42857142857142855
B_baseline_ei,123,90,0.47619047619047616
B_baseline_ei,123,100,0.47619047619047616
B_baseline_ei,123,110,0.5079365079365079
B_baseline_ei,123,120,0.5396825396825397
B_ablation_composition_only,123,20,0.0
B_ablation_composition_only,123,30,0.0
B_ablation_composition_only,123,40,0.09523809523809523
B_ablation_composition_only,123,50,0.20634920634920634
B_ablation_composition_only,123,60,0.3333333333333333
B_ablation_composition_only,123,70,0.36507936507936506
B_ablation_composition_only,123,80,0.38095238095238093
B_ablation_composition_only,123,90,0.3968253968253968
B_ablation_composition_only,123,100,0.4126984126984127
B_ablation_composition_only,123,110,0.47619047619047616
B_ablation_composition_only,123,120,0.5079365079365079
C_crucible,123,20,0.0
C_crucible,123,30,0.0
C_crucible,123,40,0.047619047619047616
C_crucible,123,50,0.14285714285714285
C_crucible,123,60,0.2857142857142857
C_crucible,123,70,0.36507936507936506
C_crucible,123,80,0.42857142857142855
C_crucible,123,90,0.5396825396825397
C_crucible,123,100,0.5555555555555556
C_crucible,123,110,0.5714285714285714
C_crucible,123,120,0.6190476190476191
A_random,124,20,0.031746031746031744
A_random,124,30,0.031746031746031744
A_random,124,40,0.06349206349206349
A_random,124,50,0.06349206349206349
A_random,124,60,0.07936507936507936
A_random,124,70,0.09523809523809523
A_random,124,80,0.09523809523809523
A_random,124,90,0.09523809523809523
A_random,124,100,0.1111111111111111
A_random,124,110,0.1111111111111111
A_random,124,120,0.1111111111111111
B_baseline_ei,124,20,0.031746031746031744
B_baseline_ei,124,30,0.12698412698412698
B_baseline_ei,124,40,0.20634920634920634
B_baseline_ei,124,50,0.25396825396825395
B_baseline_ei,124,60,0.38095238095238093
B_baseline_ei,124,70,0.4603174603174603
B_baseline_ei,124,80,0.5873015873015873
B_baseline_ei,124,90,0.6031746031746031
B_baseline_ei,124,100,0.6507936507936508
B_baseline_ei,124,110,0.7619047619047619
B_baseline_ei,124,120,0.7619047619047619
B_ablation_composition_only,124,20,0.031746031746031744
B_ablation_composition_only,124,30,0.06349206349206349
B_ablation_composition_only,124,40,0.09523809523809523
B_ablation_composition_only,124,50,0.20634920634920634
B_ablation_composition_only,124,60,0.2857142857142857
B_ablation_composition_only,124,70,0.36507936507936506
B_ablation_composition_only,124,80,0.49206349206349204
B_ablation_composition_only,124,90,0.6031746031746031
B_ablation_composition_only,124,100,0.6825396825396826
B_ablation_composition_only,124,110,0.7142857142857143
B_ablation_composition_only,124,120,0.7142857142857143
C_crucible,124,20,0.031746031746031744
C_crucible,124,30,0.1111111111111111
C_crucible,124,40,0.1746031746031746
C_crucible,124,50,0.3333333333333333
C_crucible,124,60,0.36507936507936506
C_crucible,124,70,0.4444444444444444
C_crucible,124,80,0.5238095238095238
C_crucible,124,90,0.6190476190476191
C_crucible,124,100,0.6190476190476191
C_crucible,124,110,0.746031746031746
C_crucible,124,120,0.7777777777777778
A_random,125,20,0.0
A_random,125,30,0.015873015873015872
A_random,125,40,0.031746031746031744
A_random,125,50,0.031746031746031744
A_random,125,60,0.047619047619047616
A_random,125,70,0.06349206349206349
A_random,125,80,0.09523809523809523
A_random,125,90,0.1111111111111111
A_random,125,100,0.1111111111111111
A_random,125,110,0.14285714285714285
A_random,125,120,0.14285714285714285
B_baseline_ei,125,20,0.0
B_baseline_ei,125,30,0.07936507936507936
B_baseline_ei,125,40,0.07936507936507936
B_baseline_ei,125,50,0.20634920634920634
B_baseline_ei,125,60,0.36507936507936506
B_baseline_ei,125,70,0.3968253968253968
B_baseline_ei,125,80,0.3968253968253968
B_baseline_ei,125,90,0.47619047619047616
B_baseline_ei,125,100,0.5555555555555556
B_baseline_ei,125,110,0.5555555555555556
B_baseline_ei,125,120,0.6984126984126984
B_ablation_composition_only,125,20,0.0
B_ablation_composition_only,125,30,0.06349206349206349
B_ablation_composition_only,125,40,0.12698412698412698
B_ablation_composition_only,125,50,0.2222222222222222
B_ablation_composition_only,125,60,0.2857142857142857
B_ablation_composition_only,125,70,0.42857142857142855
B_ablation_composition_only,125,80,0.4603174603174603
B_ablation_composition_only,125,90,0.47619047619047616
B_ablation_composition_only,125,100,0.5396825396825397
B_ablation_composition_only,125,110,0.5714285714285714
B_ablation_composition_only,125,120,0.6349206349206349
C_crucible,125,20,0.0
C_crucible,125,30,0.06349206349206349
C_crucible,125,40,0.06349206349206349
C_crucible,125,50,0.19047619047619047
C_crucible,125,60,0.31746031746031744
C_crucible,125,70,0.3492063492063492
C_crucible,125,80,0.49206349206349204
C_crucible,125,90,0.5079365079365079
C_crucible,125,100,0.5873015873015873
C_crucible,125,110,0.6349206349206349
C_crucible,125,120,0.7142857142857143
A_random,126,20,0.031746031746031744
A_random,126,30,0.031746031746031744
A_random,126,40,0.031746031746031744
A_random,126,50,0.047619047619047616
A_random,126,60,0.06349206349206349
A_random,126,70,0.07936507936507936
A_random,126,80,0.09523809523809523
A_random,126,90,0.1111111111111111
A_random,126,100,0.1111111111111111
A_random,126,110,0.1111111111111111
A_random,126,120,0.12698412698412698
B_baseline_ei,126,20,0.031746031746031744
B_baseline_ei,126,30,0.1111111111111111
B_baseline_ei,126,40,0.14285714285714285
B_baseline_ei,126,50,0.25396825396825395
B_baseline_ei,126,60,0.31746031746031744
B_baseline_ei,126,70,0.38095238095238093
B_baseline_ei,126,80,0.38095238095238093
B_baseline_ei,126,90,0.5079365079365079
B_baseline_ei,126,100,0.5714285714285714
B_baseline_ei,126,110,0.6507936507936508
B_baseline_ei,126,120,0.746031746031746
B_ablation_composition_only,126,20,0.031746031746031744
B_ablation_composition_only,126,30,0.14285714285714285
B_ablation_composition_only,126,40,0.20634920634920634
B_ablation_composition_only,126,50,0.20634920634920634
B_ablation_composition_only,126,60,0.2857142857142857
B_ablation_composition_only,126,70,0.4126984126984127
B_ablation_composition_only,126,80,0.5079365079365079
B_ablation_composition_only,126,90,0.5396825396825397
B_ablation_composition_only,126,100,0.6190476190476191
B_ablation_composition_only,126,110,0.7619047619047619
B_ablation_composition_only,126,120,0.8253968253968254
C_crucible,126,20,0.031746031746031744
C_crucible,126,30,0.1111111111111111
C_crucible,126,40,0.1746031746031746
C_crucible,126,50,0.20634920634920634
C_crucible,126,60,0.23809523809523808
C_crucible,126,70,0.23809523809523808
C_crucible,126,80,0.2698412698412698
C_crucible,126,90,0.30158730158730157
C_crucible,126,100,0.4444444444444444
C_crucible,126,110,0.5555555555555556
C_crucible,126,120,0.6190476190476191
A_random,127,20,0.0
A_random,127,30,0.0
A_random,127,40,0.0
A_random,127,50,0.031746031746031744
A_random,127,60,0.031746031746031744
A_random,127,70,0.031746031746031744
A_random,127,80,0.031746031746031744
A_random,127,90,0.047619047619047616
A_random,127,100,0.047619047619047616
A_random,127,110,0.047619047619047616
A_random,127,120,0.047619047619047616
B_baseline_ei,127,20,0.0
B_baseline_ei,127,30,0.0
B_baseline_ei,127,40,0.0
B_baseline_ei,127,50,0.031746031746031744
B_baseline_ei,127,60,0.15873015873015872
B_baseline_ei,127,70,0.31746031746031744
B_baseline_ei,127,80,0.36507936507936506
B_baseline_ei,127,90,0.38095238095238093
B_baseline_ei,127,100,0.4126984126984127
B_baseline_ei,127,110,0.4603174603174603
B_baseline_ei,127,120,0.5873015873015873
B_ablation_composition_only,127,20,0.0
B_ablation_composition_only,127,30,0.0
B_ablation_composition_only,127,40,0.015873015873015872
B_ablation_composition_only,127,50,0.1111111111111111
B_ablation_composition_only,127,60,0.2222222222222222
B_ablation_composition_only,127,70,0.36507936507936506
B_ablation_composition_only,127,80,0.4126984126984127
B_ablation_composition_only,127,90,0.4603174603174603
B_ablation_composition_only,127,100,0.5238095238095238
B_ablation_composition_only,127,110,0.6190476190476191
B_ablation_composition_only,127,120,0.7142857142857143
C_crucible,127,20,0.0
C_crucible,127,30,0.0
C_crucible,127,40,0.0
C_crucible,127,50,0.031746031746031744
C_crucible,127,60,0.1746031746031746
C_crucible,127,70,0.30158730158730157
C_crucible,127,80,0.3968253968253968
C_crucible,127,90,0.4126984126984127
C_crucible,127,100,0.5714285714285714
C_crucible,127,110,0.6825396825396826
C_crucible,127,120,0.746031746031746
A_random,128,20,0.015873015873015872
A_random,128,30,0.015873015873015872
A_random,128,40,0.015873015873015872
A_random,128,50,0.015873015873015872
A_random,128,60,0.015873015873015872
A_random,128,70,0.015873015873015872
A_random,128,80,0.015873015873015872
A_random,128,90,0.031746031746031744
A_random,128,100,0.031746031746031744
A_random,128,110,0.031746031746031744
A_random,128,120,0.031746031746031744
B_baseline_ei,128,20,0.015873015873015872
B_baseline_ei,128,30,0.015873015873015872
B_baseline_ei,128,40,0.015873015873015872
B_baseline_ei,128,50,0.1111111111111111
B_baseline_ei,128,60,0.1746031746031746
B_baseline_ei,128,70,0.3333333333333333
B_baseline_ei,128,80,0.3492063492063492
B_baseline_ei,128,90,0.4603174603174603
B_baseline_ei,128,100,0.5238095238095238
B_baseline_ei,128,110,0.5555555555555556
B_baseline_ei,128,120,0.6031746031746031
B_ablation_composition_only,128,20,0.015873015873015872
B_ablation_composition_only,128,30,0.06349206349206349
B_ablation_composition_only,128,40,0.20634920634920634
B_ablation_composition_only,128,50,0.3492063492063492
B_ablation_composition_only,128,60,0.36507936507936506
B_ablation_composition_only,128,70,0.4603174603174603
B_ablation_composition_only,128,80,0.5238095238095238
B_ablation_composition_only,128,90,0.5873015873015873
B_ablation_composition_only,128,100,0.5873015873015873
B_ablation_composition_only,128,110,0.6031746031746031
B_ablation_composition_only,128,120,0.6666666666666666
C_crucible,128,20,0.015873015873015872
C_crucible,128,30,0.031746031746031744
C_crucible,128,40,0.047619047619047616
C_crucible,128,50,0.1111111111111111
C_crucible,128,60,0.25396825396825395
C_crucible,128,70,0.3333333333333333
C_crucible,128,80,0.3968253968253968
C_crucible,128,90,0.3968253968253968
C_crucible,128,100,0.5238095238095238
C_crucible,128,110,0.5714285714285714
C_crucible,128,120,0.6666666666666666
A_random,129,20,0.031746031746031744
A_random,129,30,0.047619047619047616
A_random,129,40,0.047619047619047616
A_random,129,50,0.047619047619047616
A_random,129,60,0.047619047619047616
A_random,129,70,0.06349206349206349
A_random,129,80,0.07936507936507936
A_random,129,90,0.07936507936507936
A_random,129,100,0.1111111111111111
A_random,129,110,0.1111111111111111
A_random,129,120,0.1111111111111111
B_baseline_ei,129,20,0.031746031746031744
B_baseline_ei,129,30,0.12698412698412698
B_baseline_ei,129,40,0.2857142857142857
B_baseline_ei,129,50,0.31746031746031744
B_baseline_ei,129,60,0.31746031746031744
B_baseline_ei,129,70,0.36507936507936506
B_baseline_ei,129,80,0.4444444444444444
B_baseline_ei,129,90,0.4603174603174603
B_baseline_ei,129,100,0.6031746031746031
B_baseline_ei,129,110,0.6507936507936508
B_baseline_ei,129,120,0.6984126984126984
B_ablation_composition_only,129,20,0.031746031746031744
B_ablation_composition_only,129,30,0.07936507936507936
B_ablation_composition_only,129,40,0.2222222222222222
B_ablation_composition_only,129,50,0.2698412698412698
B_ablation_composition_only,129,60,0.36507936507936506
B_ablation_composition_only,129,70,0.3968253968253968
B_ablation_composition_only,129,80,0.42857142857142855
B_ablation_composition_only,129,90,0.4444444444444444
B_ablation_composition_only,129,100,0.5079365079365079
B_ablation_composition_only,129,110,0.6190476190476191
B_ablation_composition_only,129,120,0.746031746031746
C_crucible,129,20,0.031746031746031744
C_crucible,129,30,0.12698412698412698
C_crucible,129,40,0.2857142857142857
C_crucible,129,50,0.3333333333333333
C_crucible,129,60,0.3492063492063492
C_crucible,129,70,0.4126984126984127
C_crucible,129,80,0.49206349206349204
C_crucible,129,90,0.5396825396825397
C_crucible,129,100,0.6349206349206349
C_crucible,129,110,0.6825396825396826
C_crucible,129,120,0.746031746031746
